<?xml version="1.0" encoding="UTF-8" ?>
<XMLDB PATH="enrol/stripepayment/db" VERSION="20120122" COMMENT="XMLDB file for Moodle enrol/stripe" xmlns:xsi="http://www.w3.org/2001/XMLSchema-instance" xsi:noNamespaceSchemaLocation="../../../lib/xmldb/xmldb.xsd">
  <TABLES>
    <TABLE NAME="enrol_stripepayment" COMMENT="Holds all known information about Stripe transactions">
      <FIELDS>
        <FIELD NAME="id" TYPE="int" LENGTH="10" NOTNULL="true" SEQUENCE="true" />
        <FIELD NAME="receiveremail" TYPE="char" LENGTH="255" NOTNULL="false" SEQUENCE="false" />
        <FIELD NAME="receiverid" TYPE="char" LENGTH="255" NOTNULL="false" SEQUENCE="false" />
        <FIELD NAME="itemname" TYPE="char" LENGTH="255" NOTNULL="false" SEQUENCE="false" />
        <FIELD NAME="courseid" TYPE="int" LENGTH="10" NOTNULL="false" DEFAULT="0" SEQUENCE="false" />
        <FIELD NAME="userid" TYPE="int" LENGTH="10" NOTNULL="false" DEFAULT="0" SEQUENCE="false" />
        <FIELD NAME="instanceid" TYPE="int" LENGTH="10" NOTNULL="false" DEFAULT="0" SEQUENCE="false" />
        <FIELD NAME="couponid" TYPE="char" LENGTH="255" NOTNULL="false" SEQUENCE="false" />
        <FIELD NAME="memo" TYPE="char" LENGTH="255" NOTNULL="false" SEQUENCE="false" />
        <FIELD NAME="price" TYPE="char" LENGTH="255" NOTNULL="false" SEQUENCE="false" />
        <FIELD NAME="paymentstatus" TYPE="char" LENGTH="255" NOTNULL="false" SEQUENCE="false" />
        <FIELD NAME="pendingreason" TYPE="char" LENGTH="255" NOTNULL="false" SEQUENCE="false" />
        <FIELD NAME="reasoncode" TYPE="char" LENGTH="30" NOTNULL="false" SEQUENCE="false" />
        <FIELD NAME="txnid" TYPE="char" LENGTH="255" NOTNULL="false" SEQUENCE="false" />
        <FIELD NAME="paymenttype" TYPE="char" LENGTH="30" NOTNULL="false" SEQUENCE="false" />
        <FIELD NAME="timeupdated" TYPE="int" LENGTH="10" NOTNULL="false" DEFAULT="0" SEQUENCE="false" />
      </FIELDS>
      <KEYS>
        <KEY NAME="primary" TYPE="primary" FIELDS="id" />
      </KEYS>
    </TABLE>
  </TABLES>
</XMLDB>